video_name,start_time
234 GOPR0523,1531851350540
235 GP030054,1532286259860
235 GP040054,1532287323100
235 GOPR0056,1532291357500
235 GP010056,1532292420500
235 GOPR0057,1532300570750
235 GP010057,1532301634220
235 GP020057,1532302697240
235 GP040057,1532304863040
235 GOPR0058,1532311450250
235 GP010058,1532312513500
236 GOPR0527,1532393099800
236 GP010527,1532394162900
237 GP010100,1532792697998
237 GP020100,1532793760527
237 GP030100,1532794823614
237 GP040100,1532795886614
238 GOPR0070,1533817365870
238 GOPR0071,1533822710214
238 GOPR0083,1533831503085
238 GOPR0084,1533832205032
238 GP010070,1533818429064
238 GP010084,1533833268073
238 GP020070,1533819492280
238 GP020084,1533834331319
238 GP030070,1533820555302
238 GP040070,1533821624739
238 GP060067,1533778238910
240 GP010532,1534190772780
240 GP010536,1534258282614
240 GOPR0537,1534259042737
240 GP010537,1534260106067
240 GP020537,1534261169547
240 GP030537,1534262225214
240 GOPR0538,1534337079754
240 GP010538,1534338142824
240 GOPR0545,1534345227278
240 GP010545,1534346289200
240 GP020545,1534347352694
240 GOPR0546,1534348677224
240 GOPR0547,1534424379414
241 GOPR0106,1534619759480
241 GP010106,1534620822462
241 GP020106,1534621885935
243 GOPR0551,1535411209993
243 GP010551,1535412272970
243 GP020551,1535413336500
243 GP030551,1535414399160
243 GP040551,1535415462440
243 GP050551,1535416525327
243 GP060551,1535417588400
243 GP070551,1535418651760
243 GP080551,1535419714760
243 GP090551,1535420777480
243 GOPR0553,1535498592900
243 GP020555,1535548728510
243 GP030555,1535549791582
243 GP040555,1535550854570
243 GP050555,1535551917768
246 GOPR0563,1539102679350
246 GP030563,1539105869865
246 GOPR0565,1539215083853
246 GOPR0566,1539229362817
246 GP010566,1539230426918
246 GP020566,1539231489900
246 GP030566,1539232553380
246 GP040566,1539233616333
247 GOPR0135,1540297871340
247 GOPR0137,1540312761480
247 GP010137,1540313824660
248 GOPR0102,1540299852340
248 GOPR0106,1540428593198
248 GP010102,1540300915949
248 GP050102,1540305167510
248 GP060102,1540306231010
249 GP010571,1540732756885
249 GP080571,1540740198422
249 GP030698,1540757449805
253 GP010153,1543630169234
253 GP010154,1543664999980
253 GP020154,1543666062673
253 GP030154,1543667125445
253 GP050154,1543669251153
253 GP060154,1543670313745
253 GP080154,1543672442280
253 GOPR0157,1543684510363
253 GP020157,1543686635960
253 GP050157,1543689824812
253 GP060157,1543690888258
253 GOPR0158,1543702183635
253 GP010158,1543703245990
253 GP020158,1543704308450
253 GP030158,1543705371675
253 GP040158,1543706434378
253 GP050158,1543707497969
253 GP060158,1543708561183
253 GOPR0160,1543755991424
253 GP010160,1543757053885
253 GP020160,1543758117190
258 GOPR0720,1552682778300
258 GOPR0721,1552751586650
258 GOPR0722,1552782545900
258 GOPR0723,1552836429040
258 GP010723,1552837491990
259 GOPR0169,1553281159566
259 GOPR0178,1553457210957
259 GOPR0183,1553513960827
259 GP010169,1553282222793
259 GP010183,1553515023777
259 GP080172,1553344701233
260 GOPR0731,1553978186400
260 GOPR0737,1554052317950
260 GOPR0749,1554132617045
260 GP010737,1554053380947
260 GP020737,1554054443947
262 GOPR0755,1555791892000
262 GOPR0765,1555881861080
262 GP010755,1555792954865
262 GP010762,1555874324233
262 GP010765,1555882923611
262 GP020755,1555794018721
262 GP030755,1555795081321
262 GP040755,1555796144326
262 GP050755,1555797207365
262 GP060755,1555798270503
263 GP010351,1556124054400
264 GOPR0775,1557578165994
264 GP010773,1557533241927
264 GP030775,1557581355820
264 GP030809,1557691479526
264 GP050775,1557583481860
264 GP050808,1557615541733
264 GP060775,1557584545450
264 GP060808,1557616605300
264 GP070808,1557617668450
265 GOPR0817,1559484445595
265 GOPR0820,1559568815750
265 GOPR0821,1559570413780
265 GOPR0822,1559572007774
265 GOPR0825,1559576894387
265 GP010815,1559434028550
265 GP010816,1559437600890
265 GP010817,1559485508827
265 GP010820,1559569879416
265 GP010822,1559573070619
265 GP010825,1559577957834
265 GP020815,1559435091475
265 GP020816,1559438664107
265 GP020817,1559486571873
265 GP020818,1559522306993
265 GP030813,1559350048950
265 GP030817,1559487635120
265 GP030818,1559523370007
265 GP040813,1559351111920
265 GP040817,1559488698110
265 GP040818,1559524432850
265 GP050817,1559489761190
265 GP050818,1559525496010
265 GP060817,1559490823925
267 GOPR0392,1561208666105
267 GP010392,1561209729912
267 GP020392,1561210793200
267 GP030392,1561211859260
